rho,theta
0.5502812513385291,-0.03437098161665864
