rho,theta
0.6399168491976852,-0.03839743656483499
