rho,theta
0.6399168491976852,-0.11706578203378419
