rho,theta
0.6399168491976874,-0.11706578203378283
